location,name,freq,weighting,direction,n_stocks,n_stocks_min,date,ret
usa,ope_be,monthly,vw_cap,1,12,5,1950-11-30,-0.0384049901078883
usa,ope_be,monthly,vw_cap,1,14,6,1950-12-31,-0.00393827178939594
usa,ope_be,monthly,vw_cap,1,19,8,1951-01-31,0.00981879864305465
usa,ope_be,monthly,vw_cap,1,27,12,1951-02-28,0.0354713626414418
usa,ope_be,monthly,vw_cap,1,36,16,1951-03-31,-0.0103993456238361
usa,ope_be,monthly,vw_cap,1,42,18,1951-04-30,0.015988028433575
usa,ope_be,monthly,vw_cap,1,189,87,1951-05-31,-0.0150058663449044
usa,ope_be,monthly,vw_cap,1,197,90,1951-06-30,0.00260981486798267
usa,ope_be,monthly,vw_cap,1,202,93,1951-07-31,0.00423514254741779
usa,ope_be,monthly,vw_cap,1,204,94,1951-08-31,-0.00579142296877722
usa,ope_be,monthly,vw_cap,1,208,96,1951-09-30,-0.0158471244275244
usa,ope_be,monthly,vw_cap,1,211,98,1951-10-31,-0.0129771511526322
usa,ope_be,monthly,vw_cap,1,210,97,1951-11-30,0.00828911298715455
usa,ope_be,monthly,vw_cap,1,211,98,1951-12-31,0.0201345230195446
usa,ope_be,monthly,vw_cap,1,211,97,1952-01-31,-0.012623365691494
usa,ope_be,monthly,vw_cap,1,214,99,1952-02-29,0.000170562149747526
usa,ope_be,monthly,vw_cap,1,215,100,1952-03-31,0.0120530444758515
usa,ope_be,monthly,vw_cap,1,215,100,1952-04-30,-0.0117657623402642
usa,ope_be,monthly,vw_cap,1,217,101,1952-05-31,0.00124690951999345
usa,ope_be,monthly,vw_cap,1,218,101,1952-06-30,0.0195541783994182
usa,ope_be,monthly,vw_cap,1,218,101,1952-07-31,0.00731036055738556
usa,ope_be,monthly,vw_cap,1,216,101,1952-08-31,-0.00964483668188632
usa,ope_be,monthly,vw_cap,1,217,101,1952-09-30,0.0158794779247834
usa,ope_be,monthly,vw_cap,1,217,101,1952-10-31,-0.00137867486964557
usa,ope_be,monthly,vw_cap,1,218,101,1952-11-30,0.0290700692758794
usa,ope_be,monthly,vw_cap,1,218,101,1952-12-31,-0.00128286040966888
usa,ope_be,monthly,vw_cap,1,219,101,1953-01-31,-0.0130201527140687
usa,ope_be,monthly,vw_cap,1,218,101,1953-02-28,-0.0175062814721694
usa,ope_be,monthly,vw_cap,1,219,101,1953-03-31,-0.0115822700610883
usa,ope_be,monthly,vw_cap,1,219,102,1953-04-30,-0.00604426042416715
usa,ope_be,monthly,vw_cap,1,219,104,1953-05-31,0.0129268528600217
usa,ope_be,monthly,vw_cap,1,219,103,1953-06-30,0.00359322219918148
usa,ope_be,monthly,vw_cap,1,220,105,1953-07-31,-0.00790978801939196
usa,ope_be,monthly,vw_cap,1,218,105,1953-08-31,-0.00181454586667987
usa,ope_be,monthly,vw_cap,1,219,105,1953-09-30,0.025193177995387
usa,ope_be,monthly,vw_cap,1,220,105,1953-10-31,0.0191863266952295
usa,ope_be,monthly,vw_cap,1,220,105,1953-11-30,0.0103476048549158
usa,ope_be,monthly,vw_cap,1,222,105,1953-12-31,0.0283183842235617
usa,ope_be,monthly,vw_cap,1,222,105,1954-01-31,-0.0153291317041012
usa,ope_be,monthly,vw_cap,1,220,103,1954-02-28,0.0110973102277412
usa,ope_be,monthly,vw_cap,1,221,104,1954-03-31,0.0277049885645032
usa,ope_be,monthly,vw_cap,1,220,104,1954-04-30,0.0258198684575189
usa,ope_be,monthly,vw_cap,1,225,105,1954-05-31,0.00202388579228378
usa,ope_be,monthly,vw_cap,1,224,104,1954-06-30,0.0288713834206001
usa,ope_be,monthly,vw_cap,1,223,104,1954-07-31,0.00353765880210945
usa,ope_be,monthly,vw_cap,1,222,104,1954-08-31,-0.0185440141939337
usa,ope_be,monthly,vw_cap,1,222,104,1954-09-30,0.0204082725559465
usa,ope_be,monthly,vw_cap,1,221,104,1954-10-31,0.0234913702748815
usa,ope_be,monthly,vw_cap,1,220,103,1954-11-30,0.0161401970269125
usa,ope_be,monthly,vw_cap,1,220,103,1954-12-31,-0.00522466345947243
usa,ope_be,monthly,vw_cap,1,220,102,1955-01-31,0.00106375824487419
usa,ope_be,monthly,vw_cap,1,222,102,1955-02-28,0.0114002114115262
usa,ope_be,monthly,vw_cap,1,222,103,1955-03-31,0.0180109203168409
usa,ope_be,monthly,vw_cap,1,222,104,1955-04-30,0.01087335254594
usa,ope_be,monthly,vw_cap,1,205,95,1955-05-31,0.0168997510333816
usa,ope_be,monthly,vw_cap,1,206,95,1955-06-30,-0.014067337588934
usa,ope_be,monthly,vw_cap,1,206,94,1955-07-31,-0.0215734628916711
usa,ope_be,monthly,vw_cap,1,205,94,1955-08-31,0.0179449974310372
usa,ope_be,monthly,vw_cap,1,204,93,1955-09-30,0.00683012159985957
usa,ope_be,monthly,vw_cap,1,204,94,1955-10-31,-0.00237898903612429
usa,ope_be,monthly,vw_cap,1,202,93,1955-11-30,0.0298246622322093
usa,ope_be,monthly,vw_cap,1,202,93,1955-12-31,0.00616867729422243
usa,ope_be,monthly,vw_cap,1,201,92,1956-01-31,-0.0197096202802904
usa,ope_be,monthly,vw_cap,1,203,93,1956-02-29,0.0240221173761671
usa,ope_be,monthly,vw_cap,1,205,93,1956-03-31,0.0161772167607138
usa,ope_be,monthly,vw_cap,1,204,93,1956-04-30,0.0211915460126857
usa,ope_be,monthly,vw_cap,1,210,94,1956-05-31,-0.00267983767347051
usa,ope_be,monthly,vw_cap,1,209,94,1956-06-30,0.0383671885841288
usa,ope_be,monthly,vw_cap,1,210,93,1956-07-31,0.0178548164954561
usa,ope_be,monthly,vw_cap,1,211,93,1956-08-31,0.00803730706530806
usa,ope_be,monthly,vw_cap,1,211,93,1956-09-30,-0.00429215886592369
usa,ope_be,monthly,vw_cap,1,212,94,1956-10-31,0.0193586209529793
usa,ope_be,monthly,vw_cap,1,211,94,1956-11-30,-0.0145650569003441
usa,ope_be,monthly,vw_cap,1,210,94,1956-12-31,0.0166451380728498
usa,ope_be,monthly,vw_cap,1,212,94,1957-01-31,-0.0315218175215977
usa,ope_be,monthly,vw_cap,1,212,94,1957-02-28,-0.00407617404661481
usa,ope_be,monthly,vw_cap,1,211,94,1957-03-31,-0.00872402784147372
usa,ope_be,monthly,vw_cap,1,211,94,1957-04-30,0.00137161240912227
usa,ope_be,monthly,vw_cap,1,215,96,1957-05-31,-0.0000535273786572144
usa,ope_be,monthly,vw_cap,1,215,97,1957-06-30,0.0207837624529866
usa,ope_be,monthly,vw_cap,1,215,97,1957-07-31,-0.0031377852898208
usa,ope_be,monthly,vw_cap,1,215,97,1957-08-31,-0.0202209026477696
usa,ope_be,monthly,vw_cap,1,215,97,1957-09-30,-0.0089621914749084
usa,ope_be,monthly,vw_cap,1,214,97,1957-10-31,-0.00484785262494407
usa,ope_be,monthly,vw_cap,1,215,98,1957-11-30,0.0158269337030448
usa,ope_be,monthly,vw_cap,1,215,98,1957-12-31,0.0166703729641833
usa,ope_be,monthly,vw_cap,1,213,98,1958-01-31,-0.0396974506296027
usa,ope_be,monthly,vw_cap,1,214,97,1958-02-28,-0.00155427526452146
usa,ope_be,monthly,vw_cap,1,213,98,1958-03-31,-0.00262793117100264
usa,ope_be,monthly,vw_cap,1,212,98,1958-04-30,-0.00216021841481185
usa,ope_be,monthly,vw_cap,1,217,100,1958-05-31,-0.00957408511936522
usa,ope_be,monthly,vw_cap,1,217,100,1958-06-30,0.00831328840051223
usa,ope_be,monthly,vw_cap,1,217,99,1958-07-31,0.00814987368862424
usa,ope_be,monthly,vw_cap,1,217,99,1958-08-31,0.00308613425863491
usa,ope_be,monthly,vw_cap,1,218,100,1958-09-30,0.00887675252145881
usa,ope_be,monthly,vw_cap,1,219,101,1958-10-31,-0.000637954415835987
usa,ope_be,monthly,vw_cap,1,223,101,1958-11-30,0.0264657649234512
usa,ope_be,monthly,vw_cap,1,222,102,1958-12-31,0.00487101886729398
usa,ope_be,monthly,vw_cap,1,222,102,1959-01-31,-0.0185124065458053
usa,ope_be,monthly,vw_cap,1,221,101,1959-02-28,0.0126138280270145
usa,ope_be,monthly,vw_cap,1,221,101,1959-03-31,0.0125101099064108
usa,ope_be,monthly,vw_cap,1,220,101,1959-04-30,0.0319940080244956
usa,ope_be,monthly,vw_cap,1,220,100,1959-05-31,-0.00706557768361581
usa,ope_be,monthly,vw_cap,1,221,100,1959-06-30,0.0131914098134522
usa,ope_be,monthly,vw_cap,1,221,101,1959-07-31,-0.0111625700191907
usa,ope_be,monthly,vw_cap,1,220,100,1959-08-31,-0.00512634818715174
usa,ope_be,monthly,vw_cap,1,221,101,1959-09-30,0.00853819127533563
usa,ope_be,monthly,vw_cap,1,221,101,1959-10-31,0.0135274243626992
usa,ope_be,monthly,vw_cap,1,221,101,1959-11-30,0.0193820146979369
usa,ope_be,monthly,vw_cap,1,222,102,1959-12-31,-0.00978253918089533
usa,ope_be,monthly,vw_cap,1,222,102,1960-01-31,0.00238801889796508
usa,ope_be,monthly,vw_cap,1,221,102,1960-02-29,0.0343350370509802
usa,ope_be,monthly,vw_cap,1,222,104,1960-03-31,0.0227434037531022
usa,ope_be,monthly,vw_cap,1,224,103,1960-04-30,0.0316854995031322
usa,ope_be,monthly,vw_cap,1,225,103,1960-05-31,0.0439083399918872
usa,ope_be,monthly,vw_cap,1,226,103,1960-06-30,-0.0128401594440751
usa,ope_be,monthly,vw_cap,1,226,103,1960-07-31,-0.0280390555989713
usa,ope_be,monthly,vw_cap,1,226,104,1960-08-31,-0.0155693056606857
usa,ope_be,monthly,vw_cap,1,227,105,1960-09-30,-0.00986256843093628
usa,ope_be,monthly,vw_cap,1,229,104,1960-10-31,-0.0074462250868803
usa,ope_be,monthly,vw_cap,1,229,104,1960-11-30,0.022491635950084
usa,ope_be,monthly,vw_cap,1,231,104,1960-12-31,0.000612069806713897
usa,ope_be,monthly,vw_cap,1,236,105,1961-01-31,-0.0271613586045491
usa,ope_be,monthly,vw_cap,1,238,106,1961-02-28,0.0117452439541934
usa,ope_be,monthly,vw_cap,1,242,106,1961-03-31,-0.00826752881970636
usa,ope_be,monthly,vw_cap,1,243,106,1961-04-30,-0.0202487490851748
usa,ope_be,monthly,vw_cap,1,286,121,1961-05-31,0.00425211814855065
usa,ope_be,monthly,vw_cap,1,288,120,1961-06-30,0.00873581279484602
usa,ope_be,monthly,vw_cap,1,288,121,1961-07-31,0.00883020692296354
usa,ope_be,monthly,vw_cap,1,288,121,1961-08-31,0.0173638168647157
usa,ope_be,monthly,vw_cap,1,287,121,1961-09-30,0.0246102473400207
usa,ope_be,monthly,vw_cap,1,288,121,1961-10-31,0.0116312881889087
usa,ope_be,monthly,vw_cap,1,293,122,1961-11-30,0.00660457832661583
usa,ope_be,monthly,vw_cap,1,290,122,1961-12-31,-0.0278931734938123
usa,ope_be,monthly,vw_cap,1,288,123,1962-01-31,-0.0300150582665717
usa,ope_be,monthly,vw_cap,1,393,169,1962-02-28,0.00125030723428097
usa,ope_be,monthly,vw_cap,1,414,179,1962-03-31,0.00201268122216085
usa,ope_be,monthly,vw_cap,1,415,180,1962-04-30,-0.00505368956407323
usa,ope_be,monthly,vw_cap,1,509,224,1962-05-31,-0.0403292917014609
usa,ope_be,monthly,vw_cap,1,510,230,1962-06-30,-0.00711866096012877
usa,ope_be,monthly,vw_cap,1,514,232,1962-07-31,0.0311652032163481
usa,ope_be,monthly,vw_cap,1,615,260,1962-08-31,0.00749821336340041
usa,ope_be,monthly,vw_cap,1,612,255,1962-09-30,0.00239085791537177
usa,ope_be,monthly,vw_cap,1,615,260,1962-10-31,0.000140976338606219
usa,ope_be,monthly,vw_cap,1,623,266,1962-11-30,-0.00565037512662195
usa,ope_be,monthly,vw_cap,1,630,268,1962-12-31,0.0153222469525064
usa,ope_be,monthly,vw_cap,1,642,274,1963-01-31,-0.0184183582644517
usa,ope_be,monthly,vw_cap,1,644,275,1963-02-28,-0.000815116378680886
usa,ope_be,monthly,vw_cap,1,646,273,1963-03-31,-0.00811546611464691
usa,ope_be,monthly,vw_cap,1,649,277,1963-04-30,0.00008803191712764
usa,ope_be,monthly,vw_cap,1,701,302,1963-05-31,-0.0118464993547684
usa,ope_be,monthly,vw_cap,1,708,304,1963-06-30,0.0078586848397032
usa,ope_be,monthly,vw_cap,1,715,311,1963-07-31,0.00807095015478696
usa,ope_be,monthly,vw_cap,1,721,313,1963-08-31,0.0109246093503471
usa,ope_be,monthly,vw_cap,1,724,312,1963-09-30,-0.0115615088602558
usa,ope_be,monthly,vw_cap,1,724,311,1963-10-31,0.0110831940452123
usa,ope_be,monthly,vw_cap,1,722,312,1963-11-30,0.00229912491097708
usa,ope_be,monthly,vw_cap,1,723,312,1963-12-31,0.00233706206803749
usa,ope_be,monthly,vw_cap,1,728,310,1964-01-31,-0.00897474836710116
usa,ope_be,monthly,vw_cap,1,731,311,1964-02-29,-0.00381522940362368
usa,ope_be,monthly,vw_cap,1,729,313,1964-03-31,-0.0224986060060503
usa,ope_be,monthly,vw_cap,1,733,315,1964-04-30,-0.0199140298955024
usa,ope_be,monthly,vw_cap,1,730,316,1964-05-31,0.00330549949938596
usa,ope_be,monthly,vw_cap,1,732,321,1964-06-30,-0.00442916351608707
usa,ope_be,monthly,vw_cap,1,737,323,1964-07-31,0.00761339720076147
usa,ope_be,monthly,vw_cap,1,742,327,1964-08-31,-0.0101443503764864
usa,ope_be,monthly,vw_cap,1,745,326,1964-09-30,-0.0130158277374209
usa,ope_be,monthly,vw_cap,1,747,331,1964-10-31,-0.00539157821582897
usa,ope_be,monthly,vw_cap,1,759,337,1964-11-30,0.0122108561034847
usa,ope_be,monthly,vw_cap,1,755,336,1964-12-31,0.0236847736002466
usa,ope_be,monthly,vw_cap,1,765,335,1965-01-31,0.00344696980234339
usa,ope_be,monthly,vw_cap,1,791,352,1965-02-28,0.00403050056611806
usa,ope_be,monthly,vw_cap,1,808,359,1965-03-31,-0.00876974900696506
usa,ope_be,monthly,vw_cap,1,814,364,1965-04-30,-0.0027224258593468
usa,ope_be,monthly,vw_cap,1,852,379,1965-05-31,0.00612480470210076
usa,ope_be,monthly,vw_cap,1,854,381,1965-06-30,0.0019006821870126
usa,ope_be,monthly,vw_cap,1,862,387,1965-07-31,-0.00841619089327396
usa,ope_be,monthly,vw_cap,1,865,384,1965-08-31,0.0149438818742368
usa,ope_be,monthly,vw_cap,1,866,386,1965-09-30,0.00657780241841881
usa,ope_be,monthly,vw_cap,1,869,389,1965-10-31,0.00904835845376555
usa,ope_be,monthly,vw_cap,1,883,400,1965-11-30,0.0213598494050076
usa,ope_be,monthly,vw_cap,1,892,407,1965-12-31,-0.0160518125589301
usa,ope_be,monthly,vw_cap,1,898,409,1966-01-31,-0.0194133987206543
usa,ope_be,monthly,vw_cap,1,1019,467,1966-02-28,-0.00343233863535232
usa,ope_be,monthly,vw_cap,1,1027,471,1966-03-31,0.0223293524330993
usa,ope_be,monthly,vw_cap,1,1027,473,1966-04-30,0.012211163134632
usa,ope_be,monthly,vw_cap,1,1082,498,1966-05-31,0.00659869061013521
usa,ope_be,monthly,vw_cap,1,1104,507,1966-06-30,0.0160490169076367
usa,ope_be,monthly,vw_cap,1,1111,511,1966-07-31,0.000818781306421143
usa,ope_be,monthly,vw_cap,1,1122,515,1966-08-31,-0.000641782128485549
usa,ope_be,monthly,vw_cap,1,1130,522,1966-09-30,-0.00459615901487718
usa,ope_be,monthly,vw_cap,1,1140,525,1966-10-31,-0.0349560182594267
usa,ope_be,monthly,vw_cap,1,1146,533,1966-11-30,0.04650172514594
usa,ope_be,monthly,vw_cap,1,1147,533,1966-12-31,-0.0000647374045538371
usa,ope_be,monthly,vw_cap,1,1136,519,1967-01-31,-0.0111962726423726
usa,ope_be,monthly,vw_cap,1,1150,518,1967-02-28,0.0149101392722753
usa,ope_be,monthly,vw_cap,1,1160,521,1967-03-31,0.0140791472342095
usa,ope_be,monthly,vw_cap,1,1155,520,1967-04-30,0.0182856026666598
usa,ope_be,monthly,vw_cap,1,1165,525,1967-05-31,-0.00232604924278107
usa,ope_be,monthly,vw_cap,1,1168,530,1967-06-30,0.00479343460283702
usa,ope_be,monthly,vw_cap,1,1173,528,1967-07-31,-0.00367809898501752
usa,ope_be,monthly,vw_cap,1,1184,529,1967-08-31,-0.00191459565393979
usa,ope_be,monthly,vw_cap,1,1184,536,1967-09-30,0.0012226974290742
usa,ope_be,monthly,vw_cap,1,1175,533,1967-10-31,0.0115501611652582
usa,ope_be,monthly,vw_cap,1,1173,528,1967-11-30,0.00382864815677867
usa,ope_be,monthly,vw_cap,1,1181,539,1967-12-31,-0.0119286614919876
usa,ope_be,monthly,vw_cap,1,1177,534,1968-01-31,-0.0402632955681642
usa,ope_be,monthly,vw_cap,1,1293,600,1968-02-29,-0.00882627714104087
usa,ope_be,monthly,vw_cap,1,1294,596,1968-03-31,0.00438636384019711
usa,ope_be,monthly,vw_cap,1,1306,604,1968-04-30,0.0333431331104943
usa,ope_be,monthly,vw_cap,1,1327,607,1968-05-31,0.00572007581904059
usa,ope_be,monthly,vw_cap,1,1325,604,1968-06-30,-0.00894915795939094
usa,ope_be,monthly,vw_cap,1,1342,609,1968-07-31,-0.023414316919838
usa,ope_be,monthly,vw_cap,1,1332,606,1968-08-31,-0.0131885530118816
usa,ope_be,monthly,vw_cap,1,1348,609,1968-09-30,-0.0187856332292322
usa,ope_be,monthly,vw_cap,1,1352,612,1968-10-31,-0.00473729642467659
usa,ope_be,monthly,vw_cap,1,1370,622,1968-11-30,0.00446680772193352
usa,ope_be,monthly,vw_cap,1,1379,627,1968-12-31,-0.0114098307990728
usa,ope_be,monthly,vw_cap,1,1383,629,1969-01-31,-0.0168123332428398
usa,ope_be,monthly,vw_cap,1,1387,626,1969-02-28,0.00962424464993375
usa,ope_be,monthly,vw_cap,1,1404,629,1969-03-31,-0.00786146959902418
usa,ope_be,monthly,vw_cap,1,1404,628,1969-04-30,0.00353940706047597
usa,ope_be,monthly,vw_cap,1,1441,626,1969-05-31,0.00547509844734088
usa,ope_be,monthly,vw_cap,1,1443,621,1969-06-30,0.0252426128253084
usa,ope_be,monthly,vw_cap,1,1465,618,1969-07-31,0.00784287381664699
usa,ope_be,monthly,vw_cap,1,1473,623,1969-08-31,0.0241842247343533
usa,ope_be,monthly,vw_cap,1,1469,623,1969-09-30,0.0255323620915362
usa,ope_be,monthly,vw_cap,1,1484,623,1969-10-31,0.00315493485283119
usa,ope_be,monthly,vw_cap,1,1493,615,1969-11-30,0.0110631067860738
usa,ope_be,monthly,vw_cap,1,1502,615,1969-12-31,0.00863706684561307
usa,ope_be,monthly,vw_cap,1,1508,620,1970-01-31,-0.0132095909352152
usa,ope_be,monthly,vw_cap,1,1511,622,1970-02-28,-0.0202256036202045
usa,ope_be,monthly,vw_cap,1,1517,626,1970-03-31,-0.0111919449352897
usa,ope_be,monthly,vw_cap,1,1525,634,1970-04-30,-0.0159251299399736
usa,ope_be,monthly,vw_cap,1,1566,647,1970-05-31,-0.0175366018107353
usa,ope_be,monthly,vw_cap,1,1583,650,1970-06-30,0.0259948441448863
usa,ope_be,monthly,vw_cap,1,1582,644,1970-07-31,-0.00332786398273036
usa,ope_be,monthly,vw_cap,1,1572,636,1970-08-31,0.00971462724560385
usa,ope_be,monthly,vw_cap,1,1586,638,1970-09-30,0.0176898351007319
usa,ope_be,monthly,vw_cap,1,1613,646,1970-10-31,0.0194974654792957
usa,ope_be,monthly,vw_cap,1,1609,637,1970-11-30,0.00146424887375601
usa,ope_be,monthly,vw_cap,1,1629,646,1970-12-31,-0.00271623348530871
usa,ope_be,monthly,vw_cap,1,1635,631,1971-01-31,-0.021102457707292
usa,ope_be,monthly,vw_cap,1,1632,639,1971-02-28,0.0175189145512416
usa,ope_be,monthly,vw_cap,1,1639,631,1971-03-31,0.0201579795902598
usa,ope_be,monthly,vw_cap,1,1642,629,1971-04-30,0.00182556926326354
usa,ope_be,monthly,vw_cap,1,1706,656,1971-05-31,0.0133705340064304
usa,ope_be,monthly,vw_cap,1,1714,654,1971-06-30,0.0242448743159099
usa,ope_be,monthly,vw_cap,1,1714,647,1971-07-31,0.00884732708404481
usa,ope_be,monthly,vw_cap,1,1709,639,1971-08-31,-0.00654871644845993
usa,ope_be,monthly,vw_cap,1,1713,649,1971-09-30,0.0217093746286665
usa,ope_be,monthly,vw_cap,1,1724,653,1971-10-31,0.0082979776752985
usa,ope_be,monthly,vw_cap,1,1733,671,1971-11-30,0.0249706241192163
usa,ope_be,monthly,vw_cap,1,1758,669,1971-12-31,-0.000960062512592688
usa,ope_be,monthly,vw_cap,1,1761,675,1972-01-31,-0.011247139214936
usa,ope_be,monthly,vw_cap,1,1778,683,1972-02-29,0.0182453154274318
usa,ope_be,monthly,vw_cap,1,1784,690,1972-03-31,0.0103724536612982
usa,ope_be,monthly,vw_cap,1,1790,687,1972-04-30,0.00202360092864133
usa,ope_be,monthly,vw_cap,1,1831,724,1972-05-31,0.0331684991426524
usa,ope_be,monthly,vw_cap,1,1838,727,1972-06-30,0.0180358610744913
usa,ope_be,monthly,vw_cap,1,1845,730,1972-07-31,-0.00121346858828808
usa,ope_be,monthly,vw_cap,1,1852,739,1972-08-31,-0.0169982109396079
usa,ope_be,monthly,vw_cap,1,1852,750,1972-09-30,0.00747545019874679
usa,ope_be,monthly,vw_cap,1,1852,751,1972-10-31,-0.000863195634915335
usa,ope_be,monthly,vw_cap,1,1855,758,1972-11-30,-0.0259560314050076
usa,ope_be,monthly,vw_cap,1,1863,762,1972-12-31,0.0286732425872497
usa,ope_be,monthly,vw_cap,1,2289,917,1973-01-31,-0.000983435424954604
usa,ope_be,monthly,vw_cap,1,2286,925,1973-02-28,-0.0137496835643035
usa,ope_be,monthly,vw_cap,1,2290,942,1973-03-31,-0.0108394407450852
usa,ope_be,monthly,vw_cap,1,2295,955,1973-04-30,-0.018044391748887
usa,ope_be,monthly,vw_cap,1,2375,1033,1973-05-31,0.00656246051432616
usa,ope_be,monthly,vw_cap,1,2377,1050,1973-06-30,-0.0108247184544916
usa,ope_be,monthly,vw_cap,1,2390,1069,1973-07-31,0.0169351150728076
usa,ope_be,monthly,vw_cap,1,2373,1042,1973-08-31,-0.00975125289295524
usa,ope_be,monthly,vw_cap,1,2364,1041,1973-09-30,-0.00596190916497311
usa,ope_be,monthly,vw_cap,1,2368,1039,1973-10-31,-0.0263674813797561
usa,ope_be,monthly,vw_cap,1,2371,1039,1973-11-30,-0.0418026106878394
usa,ope_be,monthly,vw_cap,1,2359,1069,1973-12-31,-0.0264909688388683
usa,ope_be,monthly,vw_cap,1,2360,1069,1974-01-31,-0.0245365435604471
usa,ope_be,monthly,vw_cap,1,2359,1060,1974-02-28,-0.010702605106442
usa,ope_be,monthly,vw_cap,1,2356,1055,1974-03-31,0.0229535837851546
usa,ope_be,monthly,vw_cap,1,2339,1046,1974-04-30,0.0247934660040847
usa,ope_be,monthly,vw_cap,1,2339,1048,1974-05-31,0.0390567008163499
usa,ope_be,monthly,vw_cap,1,2358,1059,1974-06-30,0.017053625905828
usa,ope_be,monthly,vw_cap,1,2370,1054,1974-07-31,-0.0380222271485595
usa,ope_be,monthly,vw_cap,1,2387,1049,1974-08-31,-0.0126631795450628
usa,ope_be,monthly,vw_cap,1,2363,1046,1974-09-30,-0.051619073652399
usa,ope_be,monthly,vw_cap,1,2392,1053,1974-10-31,0.0114261212770519
usa,ope_be,monthly,vw_cap,1,2428,1069,1974-11-30,-0.0295351750570378
usa,ope_be,monthly,vw_cap,1,2421,1058,1974-12-31,-0.00321056675125542
usa,ope_be,monthly,vw_cap,1,2451,1089,1975-01-31,-0.0354640416282352
usa,ope_be,monthly,vw_cap,1,2444,1048,1975-02-28,0.028895458134178
usa,ope_be,monthly,vw_cap,1,2463,1055,1975-03-31,0.027217282857866
usa,ope_be,monthly,vw_cap,1,2461,1039,1975-04-30,0.0280274742460752
usa,ope_be,monthly,vw_cap,1,2593,1059,1975-05-31,-0.00310663436500558
usa,ope_be,monthly,vw_cap,1,2616,1061,1975-06-30,-0.0156107146908785
usa,ope_be,monthly,vw_cap,1,2598,1064,1975-07-31,0.00203339190953461
usa,ope_be,monthly,vw_cap,1,2617,1054,1975-08-31,0.00698703822575569
usa,ope_be,monthly,vw_cap,1,2629,1062,1975-09-30,0.00462922724982547
usa,ope_be,monthly,vw_cap,1,2648,1076,1975-10-31,-0.0254837084621575
usa,ope_be,monthly,vw_cap,1,2630,1068,1975-11-30,-0.0171869080105447
usa,ope_be,monthly,vw_cap,1,2633,1053,1975-12-31,-0.00621194836476158
usa,ope_be,monthly,vw_cap,1,2569,1034,1976-01-31,-0.00554183899566138
usa,ope_be,monthly,vw_cap,1,2562,1009,1976-02-29,-0.0113682028495034
usa,ope_be,monthly,vw_cap,1,2568,999,1976-03-31,-0.00661984281864846
usa,ope_be,monthly,vw_cap,1,2554,993,1976-04-30,0.00102855149756628
usa,ope_be,monthly,vw_cap,1,2637,1062,1976-05-31,0.0233696724210681
usa,ope_be,monthly,vw_cap,1,2651,1065,1976-06-30,-0.00153326005052641
usa,ope_be,monthly,vw_cap,1,2645,1069,1976-07-31,-0.0157481218564418
usa,ope_be,monthly,vw_cap,1,2476,1044,1976-08-31,-0.0121480963891292
usa,ope_be,monthly,vw_cap,1,2465,1024,1976-09-30,0.00211282742856614
usa,ope_be,monthly,vw_cap,1,2626,1071,1976-10-31,-0.00333784904555543
usa,ope_be,monthly,vw_cap,1,2635,1087,1976-11-30,-0.00161835291215653
usa,ope_be,monthly,vw_cap,1,2637,1098,1976-12-31,-0.000122488300531451
usa,ope_be,monthly,vw_cap,1,2615,1092,1977-01-31,-0.010789670980451
usa,ope_be,monthly,vw_cap,1,2538,1109,1977-02-28,-0.000528111091921621
usa,ope_be,monthly,vw_cap,1,2569,1105,1977-03-31,-0.00546012806518541
usa,ope_be,monthly,vw_cap,1,2585,1114,1977-04-30,-0.0145941320256449
usa,ope_be,monthly,vw_cap,1,2632,1110,1977-05-31,0.00648414537859562
usa,ope_be,monthly,vw_cap,1,2619,1119,1977-06-30,0.0181977758727323
usa,ope_be,monthly,vw_cap,1,2610,1124,1977-07-31,0.00160640040751294
usa,ope_be,monthly,vw_cap,1,2637,1149,1977-08-31,0.00916310528516556
usa,ope_be,monthly,vw_cap,1,2634,1142,1977-09-30,0.0133914686990815
usa,ope_be,monthly,vw_cap,1,2636,1137,1977-10-31,-0.000623456360877621
usa,ope_be,monthly,vw_cap,1,2660,1149,1977-11-30,0.00882732257672106
usa,ope_be,monthly,vw_cap,1,2667,1152,1977-12-31,0.00452528303097852
usa,ope_be,monthly,vw_cap,1,2658,1155,1978-01-31,-0.0288496551952922
usa,ope_be,monthly,vw_cap,1,2684,1157,1978-02-28,0.0145470687514166
usa,ope_be,monthly,vw_cap,1,2678,1151,1978-03-31,0.00523066693589502
usa,ope_be,monthly,vw_cap,1,2660,1132,1978-04-30,0.0333274651247394
usa,ope_be,monthly,vw_cap,1,2698,1110,1978-05-31,0.0153333357088019
usa,ope_be,monthly,vw_cap,1,2685,1106,1978-06-30,-0.00342166784449855
usa,ope_be,monthly,vw_cap,1,2644,1086,1978-07-31,0.00900354639390304
usa,ope_be,monthly,vw_cap,1,2643,1094,1978-08-31,0.024175361055285
usa,ope_be,monthly,vw_cap,1,2605,1074,1978-09-30,-0.0145923257597553
usa,ope_be,monthly,vw_cap,1,2605,1066,1978-10-31,-0.0238228772543819
usa,ope_be,monthly,vw_cap,1,2594,1084,1978-11-30,0.0184429964634543
usa,ope_be,monthly,vw_cap,1,2617,1082,1978-12-31,0.0122750495717888
usa,ope_be,monthly,vw_cap,1,2601,1074,1979-01-31,-0.0240634007398877
usa,ope_be,monthly,vw_cap,1,2687,1100,1979-02-28,-0.00284438801708322
usa,ope_be,monthly,vw_cap,1,2700,1105,1979-03-31,0.0138735120616844
usa,ope_be,monthly,vw_cap,1,2706,1108,1979-04-30,0.0206215577370882
usa,ope_be,monthly,vw_cap,1,2714,1086,1979-05-31,-0.0141294718898668
usa,ope_be,monthly,vw_cap,1,2718,1084,1979-06-30,-0.0232874814850125
usa,ope_be,monthly,vw_cap,1,2702,1096,1979-07-31,0.00830085157318871
usa,ope_be,monthly,vw_cap,1,2736,1123,1979-08-31,0.0215632628664324
usa,ope_be,monthly,vw_cap,1,2719,1102,1979-09-30,0.0141821293122544
usa,ope_be,monthly,vw_cap,1,2737,1109,1979-10-31,0.0105190571549933
usa,ope_be,monthly,vw_cap,1,2705,1083,1979-11-30,0.00647158714717107
usa,ope_be,monthly,vw_cap,1,2702,1087,1979-12-31,0.0080809824013688
usa,ope_be,monthly,vw_cap,1,2684,1082,1980-01-31,0.00111183827491369
usa,ope_be,monthly,vw_cap,1,2665,1070,1980-02-29,0.0133622393185173
usa,ope_be,monthly,vw_cap,1,2657,1059,1980-03-31,-0.00985292755381173
usa,ope_be,monthly,vw_cap,1,2666,1052,1980-04-30,-0.0238399804658719
usa,ope_be,monthly,vw_cap,1,2738,1049,1980-05-31,0.00646681599728462
usa,ope_be,monthly,vw_cap,1,2720,1035,1980-06-30,0.0131337155475294
usa,ope_be,monthly,vw_cap,1,2744,1045,1980-07-31,0.0583611256630426
usa,ope_be,monthly,vw_cap,1,2741,1041,1980-08-31,0.0310457724424731
usa,ope_be,monthly,vw_cap,1,2721,1033,1980-09-30,0.0309993177208289
usa,ope_be,monthly,vw_cap,1,2736,1035,1980-10-31,0.0180728468279986
usa,ope_be,monthly,vw_cap,1,2705,1037,1980-11-30,0.071228036091361
usa,ope_be,monthly,vw_cap,1,2726,1021,1980-12-31,-0.0280136147742879
usa,ope_be,monthly,vw_cap,1,2738,1019,1981-01-31,-0.049607471464362
usa,ope_be,monthly,vw_cap,1,2752,1038,1981-02-28,-0.00491086053754027
usa,ope_be,monthly,vw_cap,1,2743,1029,1981-03-31,-0.0197912556118556
usa,ope_be,monthly,vw_cap,1,2765,1028,1981-04-30,0.00748103203556809
usa,ope_be,monthly,vw_cap,1,2886,1047,1981-05-31,0.00966384648162904
usa,ope_be,monthly,vw_cap,1,2904,1057,1981-06-30,-0.0235753811806064
usa,ope_be,monthly,vw_cap,1,2932,1067,1981-07-31,0.0158176786725294
usa,ope_be,monthly,vw_cap,1,2948,1069,1981-08-31,0.00235223521813374
usa,ope_be,monthly,vw_cap,1,2920,1082,1981-09-30,-0.00624983747917174
usa,ope_be,monthly,vw_cap,1,2927,1078,1981-10-31,0.0391635220678375
usa,ope_be,monthly,vw_cap,1,2946,1038,1981-11-30,-0.0181650418988971
usa,ope_be,monthly,vw_cap,1,2957,1053,1981-12-31,0.000105328701808044
usa,ope_be,monthly,vw_cap,1,2969,1049,1982-01-31,-0.0208406914870076
usa,ope_be,monthly,vw_cap,1,2983,1047,1982-02-28,-0.0342586379861625
usa,ope_be,monthly,vw_cap,1,2952,1041,1982-03-31,-0.0062917112975621
usa,ope_be,monthly,vw_cap,1,2954,1037,1982-04-30,0.00449164097524758
usa,ope_be,monthly,vw_cap,1,3040,1025,1982-05-31,0.00568958255266379
usa,ope_be,monthly,vw_cap,1,3029,1017,1982-06-30,-0.000442490763619116
usa,ope_be,monthly,vw_cap,1,3015,1011,1982-07-31,0.00616412771334774
usa,ope_be,monthly,vw_cap,1,3051,994,1982-08-31,-0.0290971039439885
usa,ope_be,monthly,vw_cap,1,3036,972,1982-09-30,0.0191735326504248
usa,ope_be,monthly,vw_cap,1,3035,984,1982-10-31,0.00165189186818435
usa,ope_be,monthly,vw_cap,1,3030,934,1982-11-30,-0.00261082802294609
usa,ope_be,monthly,vw_cap,1,3069,948,1982-12-31,-0.00524395035734176
usa,ope_be,monthly,vw_cap,1,3090,948,1983-01-31,-0.0265365595611812
usa,ope_be,monthly,vw_cap,1,3084,926,1983-02-28,0.00154037156828123
usa,ope_be,monthly,vw_cap,1,3083,903,1983-03-31,0.00598644191551305
usa,ope_be,monthly,vw_cap,1,3082,901,1983-04-30,0.00248288857332029
usa,ope_be,monthly,vw_cap,1,3203,957,1983-05-31,-0.0152149995384092
usa,ope_be,monthly,vw_cap,1,3224,969,1983-06-30,0.0356014128291569
usa,ope_be,monthly,vw_cap,1,3242,1003,1983-07-31,-0.0125515218862857
usa,ope_be,monthly,vw_cap,1,3267,1037,1983-08-31,-0.00687914562548756
usa,ope_be,monthly,vw_cap,1,3315,1076,1983-09-30,0.00614429952653192
usa,ope_be,monthly,vw_cap,1,3322,1081,1983-10-31,-0.00680357939744809
usa,ope_be,monthly,vw_cap,1,3365,1084,1983-11-30,-0.0112063929030728
usa,ope_be,monthly,vw_cap,1,3364,1086,1983-12-31,0.00423204656535865
usa,ope_be,monthly,vw_cap,1,3385,1098,1984-01-31,-0.0151887115908422
usa,ope_be,monthly,vw_cap,1,3404,1128,1984-02-29,0.00785011551010755
usa,ope_be,monthly,vw_cap,1,3434,1149,1984-03-31,-0.0189122393520157
usa,ope_be,monthly,vw_cap,1,3405,1149,1984-04-30,0.0311449941758311
usa,ope_be,monthly,vw_cap,1,3484,1159,1984-05-31,0.0270581937261398
usa,ope_be,monthly,vw_cap,1,3516,1163,1984-06-30,0.0447529585927674
usa,ope_be,monthly,vw_cap,1,3505,1168,1984-07-31,0.0277032005108202
usa,ope_be,monthly,vw_cap,1,3585,1153,1984-08-31,-0.00792477557646561
usa,ope_be,monthly,vw_cap,1,3570,1151,1984-09-30,0.00659819423079661
usa,ope_be,monthly,vw_cap,1,3531,1133,1984-10-31,0.00271941347681721
usa,ope_be,monthly,vw_cap,1,3566,1097,1984-11-30,-0.00211547964050115
usa,ope_be,monthly,vw_cap,1,3562,1097,1984-12-31,0.0138858778919713
usa,ope_be,monthly,vw_cap,1,3578,1093,1985-01-31,0.000818155177532379
usa,ope_be,monthly,vw_cap,1,3581,1084,1985-02-28,0.0210948203385693
usa,ope_be,monthly,vw_cap,1,3607,1073,1985-03-31,0.00359484549546806
usa,ope_be,monthly,vw_cap,1,3592,1065,1985-04-30,0.00363763401258695
usa,ope_be,monthly,vw_cap,1,3645,1053,1985-05-31,0.021056273615571
usa,ope_be,monthly,vw_cap,1,3617,1051,1985-06-30,0.0122516092112471
usa,ope_be,monthly,vw_cap,1,3610,1061,1985-07-31,-0.00848937258105793
usa,ope_be,monthly,vw_cap,1,3592,1055,1985-08-31,-0.00280884703051634
usa,ope_be,monthly,vw_cap,1,3591,1054,1985-09-30,0.0112259225803388
usa,ope_be,monthly,vw_cap,1,3594,1059,1985-10-31,0.00429431697845122
usa,ope_be,monthly,vw_cap,1,3573,1054,1985-11-30,-0.000154977561937691
usa,ope_be,monthly,vw_cap,1,3552,1053,1985-12-31,0.00193435058412626
usa,ope_be,monthly,vw_cap,1,3547,1058,1986-01-31,-0.0197590705665627
usa,ope_be,monthly,vw_cap,1,3539,1035,1986-02-28,0.00544078277023749
usa,ope_be,monthly,vw_cap,1,3522,1031,1986-03-31,0.01441396868085
usa,ope_be,monthly,vw_cap,1,3528,1033,1986-04-30,0.0250564512787869
usa,ope_be,monthly,vw_cap,1,3606,1062,1986-05-31,0.0327766022590991
usa,ope_be,monthly,vw_cap,1,3622,1079,1986-06-30,0.0235288024920023
usa,ope_be,monthly,vw_cap,1,3637,1094,1986-07-31,-0.00779942592453584
usa,ope_be,monthly,vw_cap,1,3681,1095,1986-08-31,-0.014599204556143
usa,ope_be,monthly,vw_cap,1,3705,1111,1986-09-30,-0.012844599654989
usa,ope_be,monthly,vw_cap,1,3709,1126,1986-10-31,0.0244174375345393
usa,ope_be,monthly,vw_cap,1,3716,1125,1986-11-30,0.0107967712781598
usa,ope_be,monthly,vw_cap,1,3726,1133,1986-12-31,0.00262176858204687
usa,ope_be,monthly,vw_cap,1,3732,1145,1987-01-31,0.0133493680863529
usa,ope_be,monthly,vw_cap,1,3753,1143,1987-02-28,0.000998568336007935
usa,ope_be,monthly,vw_cap,1,3788,1168,1987-03-31,0.00811699744890038
usa,ope_be,monthly,vw_cap,1,3795,1182,1987-04-30,-0.0118580271367627
usa,ope_be,monthly,vw_cap,1,3869,1227,1987-05-31,-0.000113248308692054
usa,ope_be,monthly,vw_cap,1,3904,1237,1987-06-30,0.0196868810972429
usa,ope_be,monthly,vw_cap,1,3902,1242,1987-07-31,-0.00590428192588457
usa,ope_be,monthly,vw_cap,1,3938,1219,1987-08-31,0.0181331777014476
usa,ope_be,monthly,vw_cap,1,3945,1205,1987-09-30,-0.015881954770085
usa,ope_be,monthly,vw_cap,1,3964,1223,1987-10-31,0.00590269049245329
usa,ope_be,monthly,vw_cap,1,3960,1203,1987-11-30,-0.0288090503189518
usa,ope_be,monthly,vw_cap,1,3950,1215,1987-12-31,0.0462019693443919
usa,ope_be,monthly,vw_cap,1,3930,1201,1988-01-31,-0.00996726087698773
usa,ope_be,monthly,vw_cap,1,3894,1163,1988-02-29,0.0231631055677544
usa,ope_be,monthly,vw_cap,1,3884,1158,1988-03-31,-0.00124604220589621
usa,ope_be,monthly,vw_cap,1,3867,1131,1988-04-30,-0.000238696581861974
usa,ope_be,monthly,vw_cap,1,3912,1124,1988-05-31,-0.00922836536150711
usa,ope_be,monthly,vw_cap,1,3895,1118,1988-06-30,0.0174593114911945
usa,ope_be,monthly,vw_cap,1,3896,1118,1988-07-31,-0.0101659437502978
usa,ope_be,monthly,vw_cap,1,3872,1099,1988-08-31,-0.0173677735591645
usa,ope_be,monthly,vw_cap,1,3860,1083,1988-09-30,0.0182719482262786
usa,ope_be,monthly,vw_cap,1,3825,1072,1988-10-31,0.0124168459643177
usa,ope_be,monthly,vw_cap,1,3837,1048,1988-11-30,-0.00869394382640778
usa,ope_be,monthly,vw_cap,1,3829,1035,1988-12-31,0.0142372935634203
usa,ope_be,monthly,vw_cap,1,3789,1035,1989-01-31,0.00761932615523332
usa,ope_be,monthly,vw_cap,1,3764,1041,1989-02-28,-0.0112568931573181
usa,ope_be,monthly,vw_cap,1,3738,1038,1989-03-31,0.0032446291022694
usa,ope_be,monthly,vw_cap,1,3731,1053,1989-04-30,0.0144730816385337
usa,ope_be,monthly,vw_cap,1,3789,1060,1989-05-31,0.00302361234986553
usa,ope_be,monthly,vw_cap,1,3764,1057,1989-06-30,-0.0245017580219063
usa,ope_be,monthly,vw_cap,1,3712,1050,1989-07-31,0.022842225965062
usa,ope_be,monthly,vw_cap,1,3742,1044,1989-08-31,0.00852859053916539
usa,ope_be,monthly,vw_cap,1,3724,1039,1989-09-30,-0.0000986778731954024
usa,ope_be,monthly,vw_cap,1,3715,1035,1989-10-31,-0.00793998499286483
usa,ope_be,monthly,vw_cap,1,3711,1017,1989-11-30,-0.00950905166673566
usa,ope_be,monthly,vw_cap,1,3711,1014,1989-12-31,-0.000439546445087664
usa,ope_be,monthly,vw_cap,1,3686,1017,1990-01-31,-0.00862380967896113
usa,ope_be,monthly,vw_cap,1,3685,1015,1990-02-28,0.00759621812757655
usa,ope_be,monthly,vw_cap,1,3689,1023,1990-03-31,0.0268879679042835
usa,ope_be,monthly,vw_cap,1,3669,1013,1990-04-30,0.0220776797266438
usa,ope_be,monthly,vw_cap,1,3706,1041,1990-05-31,0.0237076518011336
usa,ope_be,monthly,vw_cap,1,3714,1045,1990-06-30,0.00547477085621401
usa,ope_be,monthly,vw_cap,1,3679,1032,1990-07-31,-0.00385139206759491
usa,ope_be,monthly,vw_cap,1,3675,1031,1990-08-31,-0.00429824131454919
usa,ope_be,monthly,vw_cap,1,3660,1036,1990-09-30,0.0062994573703032
usa,ope_be,monthly,vw_cap,1,3647,1046,1990-10-31,0.0255369744567618
usa,ope_be,monthly,vw_cap,1,3642,1052,1990-11-30,0.0201055141898342
usa,ope_be,monthly,vw_cap,1,3635,1045,1990-12-31,0.0324994202570557
usa,ope_be,monthly,vw_cap,1,3625,1044,1991-01-31,0.0374011845773544
usa,ope_be,monthly,vw_cap,1,3645,1053,1991-02-28,-0.0131661882783208
usa,ope_be,monthly,vw_cap,1,3626,1055,1991-03-31,0.0106743513988906
usa,ope_be,monthly,vw_cap,1,3616,1053,1991-04-30,0.00306795426286225
usa,ope_be,monthly,vw_cap,1,3596,1083,1991-05-31,0.00746121709549175
usa,ope_be,monthly,vw_cap,1,3593,1069,1991-06-30,0.003584311764724
usa,ope_be,monthly,vw_cap,1,3605,1090,1991-07-31,0.0154748612300473
usa,ope_be,monthly,vw_cap,1,3644,1095,1991-08-31,0.012461093698097
usa,ope_be,monthly,vw_cap,1,3651,1109,1991-09-30,-0.0146102491639282
usa,ope_be,monthly,vw_cap,1,3637,1112,1991-10-31,-0.0206885519720015
usa,ope_be,monthly,vw_cap,1,3581,1110,1991-11-30,0.00580488998270281
usa,ope_be,monthly,vw_cap,1,3601,1121,1991-12-31,0.0481164183066748
usa,ope_be,monthly,vw_cap,1,3599,1129,1992-01-31,-0.02002177569444
usa,ope_be,monthly,vw_cap,1,3599,1135,1992-02-29,-0.0041391546955198
usa,ope_be,monthly,vw_cap,1,3614,1141,1992-03-31,-0.00644807631123359
usa,ope_be,monthly,vw_cap,1,3638,1133,1992-04-30,-0.00140896044783992
usa,ope_be,monthly,vw_cap,1,3690,1202,1992-05-31,-0.0105425639106559
usa,ope_be,monthly,vw_cap,1,3667,1203,1992-06-30,-0.0103962265748376
usa,ope_be,monthly,vw_cap,1,3645,1208,1992-07-31,0.00746637791410264
usa,ope_be,monthly,vw_cap,1,3655,1200,1992-08-31,0.0156048396688123
usa,ope_be,monthly,vw_cap,1,3635,1185,1992-09-30,0.0132706550247552
usa,ope_be,monthly,vw_cap,1,3633,1179,1992-10-31,0.0131554001481138
usa,ope_be,monthly,vw_cap,1,3685,1189,1992-11-30,0.0204781842896128
usa,ope_be,monthly,vw_cap,1,3691,1195,1992-12-31,-0.00503076386544266
usa,ope_be,monthly,vw_cap,1,3724,1201,1993-01-31,-0.0165088833466944
usa,ope_be,monthly,vw_cap,1,3729,1203,1993-02-28,-0.0316824909092536
usa,ope_be,monthly,vw_cap,1,3723,1195,1993-03-31,0.00330360227069927
usa,ope_be,monthly,vw_cap,1,3723,1200,1993-04-30,-0.0370889151200838
usa,ope_be,monthly,vw_cap,1,3779,1194,1993-05-31,0.00555011357159863
usa,ope_be,monthly,vw_cap,1,3795,1226,1993-06-30,-0.00349528897080057
usa,ope_be,monthly,vw_cap,1,3821,1243,1993-07-31,-0.0185898235518072
usa,ope_be,monthly,vw_cap,1,3830,1221,1993-08-31,-0.00290746242229302
usa,ope_be,monthly,vw_cap,1,3852,1245,1993-09-30,0.0137709515150074
usa,ope_be,monthly,vw_cap,1,3852,1251,1993-10-31,0.00744697982208509
usa,ope_be,monthly,vw_cap,1,3907,1268,1993-11-30,0.0158339314635403
usa,ope_be,monthly,vw_cap,1,3967,1275,1993-12-31,0.0077144279015174
usa,ope_be,monthly,vw_cap,1,4001,1278,1994-01-31,-0.00934090273766649
usa,ope_be,monthly,vw_cap,1,4014,1286,1994-02-28,0.0273314480468314
usa,ope_be,monthly,vw_cap,1,4018,1277,1994-03-31,0.00210868623294175
usa,ope_be,monthly,vw_cap,1,4059,1290,1994-04-30,0.00480342162235388
usa,ope_be,monthly,vw_cap,1,4233,1299,1994-05-31,0.0110500325954394
usa,ope_be,monthly,vw_cap,1,4255,1335,1994-06-30,0.00148061763161424
usa,ope_be,monthly,vw_cap,1,4294,1340,1994-07-31,-0.00912880499890632
usa,ope_be,monthly,vw_cap,1,4292,1311,1994-08-31,0.0183406292580351
usa,ope_be,monthly,vw_cap,1,4303,1311,1994-09-30,-0.00317986091879432
usa,ope_be,monthly,vw_cap,1,4316,1337,1994-10-31,0.0131089305363635
usa,ope_be,monthly,vw_cap,1,4352,1304,1994-11-30,0.00689753978251861
usa,ope_be,monthly,vw_cap,1,4357,1317,1994-12-31,0.00997828986472567
usa,ope_be,monthly,vw_cap,1,4345,1328,1995-01-31,-0.00305349074211733
usa,ope_be,monthly,vw_cap,1,4308,1294,1995-02-28,0.0186843457393096
usa,ope_be,monthly,vw_cap,1,4281,1288,1995-03-31,0.0140869270616061
usa,ope_be,monthly,vw_cap,1,4242,1290,1995-04-30,0.00533465617043363
usa,ope_be,monthly,vw_cap,1,4338,1306,1995-05-31,-0.0034817226959885
usa,ope_be,monthly,vw_cap,1,4334,1315,1995-06-30,0.00401679286285455
usa,ope_be,monthly,vw_cap,1,4300,1319,1995-07-31,0.0118073850655168
usa,ope_be,monthly,vw_cap,1,4290,1332,1995-08-31,-0.0108897065575763
usa,ope_be,monthly,vw_cap,1,4271,1337,1995-09-30,-0.00829089674392236
usa,ope_be,monthly,vw_cap,1,4282,1349,1995-10-31,0.0126233943583886
usa,ope_be,monthly,vw_cap,1,4356,1366,1995-11-30,0.00100565226036666
usa,ope_be,monthly,vw_cap,1,4359,1364,1995-12-31,-0.0262564541855375
usa,ope_be,monthly,vw_cap,1,4345,1384,1996-01-31,0.00597020544890634
usa,ope_be,monthly,vw_cap,1,4378,1379,1996-02-29,0.0186427640961533
usa,ope_be,monthly,vw_cap,1,4371,1370,1996-03-31,0.00767015815043687
usa,ope_be,monthly,vw_cap,1,4367,1365,1996-04-30,0.0107735880614224
usa,ope_be,monthly,vw_cap,1,4456,1362,1996-05-31,-0.013230229984563
usa,ope_be,monthly,vw_cap,1,4502,1381,1996-06-30,0.010380639803302
usa,ope_be,monthly,vw_cap,1,4499,1413,1996-07-31,0.0282003568503133
usa,ope_be,monthly,vw_cap,1,4614,1388,1996-08-31,-0.00784165560142729
usa,ope_be,monthly,vw_cap,1,4610,1395,1996-09-30,0.0214798667607684
usa,ope_be,monthly,vw_cap,1,4597,1404,1996-10-31,0.00535278812973124
usa,ope_be,monthly,vw_cap,1,4693,1420,1996-11-30,0.0348031527953696
usa,ope_be,monthly,vw_cap,1,4717,1433,1996-12-31,-0.00572472210006766
usa,ope_be,monthly,vw_cap,1,4699,1436,1997-01-31,0.00975481837774362
usa,ope_be,monthly,vw_cap,1,4636,1421,1997-02-28,0.0135937712828261
usa,ope_be,monthly,vw_cap,1,4648,1402,1997-03-31,0.0204055329713055
usa,ope_be,monthly,vw_cap,1,4666,1396,1997-04-30,0.0509316280577558
usa,ope_be,monthly,vw_cap,1,4749,1380,1997-05-31,-0.00253626613660825
usa,ope_be,monthly,vw_cap,1,4755,1395,1997-06-30,0.0113366237308925
usa,ope_be,monthly,vw_cap,1,4738,1403,1997-07-31,0.0178836752861271
usa,ope_be,monthly,vw_cap,1,4751,1404,1997-08-31,-0.0260566701074249
usa,ope_be,monthly,vw_cap,1,4717,1392,1997-09-30,-0.0190372203492711
usa,ope_be,monthly,vw_cap,1,4719,1397,1997-10-31,0.00394451722788261
usa,ope_be,monthly,vw_cap,1,4756,1416,1997-11-30,0.0239556904657314
usa,ope_be,monthly,vw_cap,1,4779,1418,1997-12-31,-0.00647961910208704
usa,ope_be,monthly,vw_cap,1,4730,1412,1998-01-31,0.000882729090248476
usa,ope_be,monthly,vw_cap,1,4706,1389,1998-02-28,0.010388886961882
usa,ope_be,monthly,vw_cap,1,4686,1411,1998-03-31,-0.00644864857200616
usa,ope_be,monthly,vw_cap,1,4653,1412,1998-04-30,0.00489276158557194
usa,ope_be,monthly,vw_cap,1,4663,1344,1998-05-31,0.00917038144135769
usa,ope_be,monthly,vw_cap,1,4656,1347,1998-06-30,-0.0130313768178452
usa,ope_be,monthly,vw_cap,1,4619,1354,1998-07-31,0.0101521474356574
usa,ope_be,monthly,vw_cap,1,4614,1337,1998-08-31,0.0124396377604545
usa,ope_be,monthly,vw_cap,1,4600,1321,1998-09-30,-0.0521960236510255
usa,ope_be,monthly,vw_cap,1,4557,1332,1998-10-31,0.0453294225925835
usa,ope_be,monthly,vw_cap,1,4534,1350,1998-11-30,0.00770390712199893
usa,ope_be,monthly,vw_cap,1,4499,1353,1998-12-31,-0.00477562588047079
usa,ope_be,monthly,vw_cap,1,4418,1343,1999-01-31,-0.0321109320255972
usa,ope_be,monthly,vw_cap,1,4307,1332,1999-02-28,0.0176147647132172
usa,ope_be,monthly,vw_cap,1,4261,1319,1999-03-31,-0.0101766036685826
usa,ope_be,monthly,vw_cap,1,4192,1310,1999-04-30,-0.0119684612680821
usa,ope_be,monthly,vw_cap,1,4141,1310,1999-05-31,-0.00504467540446916
usa,ope_be,monthly,vw_cap,1,4112,1300,1999-06-30,0.011847300372261
usa,ope_be,monthly,vw_cap,1,4097,1310,1999-07-31,-0.00411119554421313
usa,ope_be,monthly,vw_cap,1,4048,1290,1999-08-31,-0.0222906119611725
usa,ope_be,monthly,vw_cap,1,4005,1289,1999-09-30,-0.0250599086748041
usa,ope_be,monthly,vw_cap,1,3974,1297,1999-10-31,-0.0127272027050922
usa,ope_be,monthly,vw_cap,1,3942,1309,1999-11-30,-0.0574476469149639
usa,ope_be,monthly,vw_cap,1,3895,1329,1999-12-31,-0.0947600453723643
usa,ope_be,monthly,vw_cap,1,3812,1353,2000-01-31,-0.0742961727505438
usa,ope_be,monthly,vw_cap,1,3790,1383,2000-02-29,-0.207933665398735
usa,ope_be,monthly,vw_cap,1,3696,1412,2000-03-31,0.174058734408089
usa,ope_be,monthly,vw_cap,1,3647,1406,2000-04-30,0.167247448570031
usa,ope_be,monthly,vw_cap,1,3767,1410,2000-05-31,0.0929159442845617
usa,ope_be,monthly,vw_cap,1,3825,1373,2000-06-30,-0.162153564364668
usa,ope_be,monthly,vw_cap,1,3734,1365,2000-07-31,0.0760884872050556
usa,ope_be,monthly,vw_cap,1,3771,1343,2000-08-31,-0.0294108447181092
usa,ope_be,monthly,vw_cap,1,3772,1348,2000-09-30,0.0468964278679011
usa,ope_be,monthly,vw_cap,1,3754,1321,2000-10-31,0.123490992510888
usa,ope_be,monthly,vw_cap,1,3776,1304,2000-11-30,0.183123236385723
usa,ope_be,monthly,vw_cap,1,3800,1235,2000-12-31,0.0198973920991885
usa,ope_be,monthly,vw_cap,1,3777,1193,2001-01-31,-0.0678329311050293
usa,ope_be,monthly,vw_cap,1,3717,1204,2001-02-28,0.128391063951733
usa,ope_be,monthly,vw_cap,1,3749,1163,2001-03-31,0.0784667137789676
usa,ope_be,monthly,vw_cap,1,3735,1145,2001-04-30,-0.0406641128140931
usa,ope_be,monthly,vw_cap,1,3683,1118,2001-05-31,0.0056680888620972
usa,ope_be,monthly,vw_cap,1,3654,1128,2001-06-30,0.00878816248137291
usa,ope_be,monthly,vw_cap,1,3598,1112,2001-07-31,0.0888974605402521
usa,ope_be,monthly,vw_cap,1,3639,1074,2001-08-31,0.0300626479175799
usa,ope_be,monthly,vw_cap,1,3603,1049,2001-09-30,0.0390432829325257
usa,ope_be,monthly,vw_cap,1,3581,1040,2001-10-31,-0.0309239525453167
usa,ope_be,monthly,vw_cap,1,3538,1043,2001-11-30,-0.0238288437809601
usa,ope_be,monthly,vw_cap,1,3494,1044,2001-12-31,0.00889962925282944
usa,ope_be,monthly,vw_cap,1,3456,1042,2002-01-31,0.054438399733775
usa,ope_be,monthly,vw_cap,1,3452,1035,2002-02-28,0.082457883277865
usa,ope_be,monthly,vw_cap,1,3444,1003,2002-03-31,-0.0144495665371859
usa,ope_be,monthly,vw_cap,1,3418,999,2002-04-30,0.0495774598303806
usa,ope_be,monthly,vw_cap,1,3346,973,2002-05-31,0.0490608391994195
usa,ope_be,monthly,vw_cap,1,3324,952,2002-06-30,0.0569013311377469
usa,ope_be,monthly,vw_cap,1,3335,946,2002-07-31,0.0299646556760937
usa,ope_be,monthly,vw_cap,1,3326,950,2002-08-31,0.0206602830725368
usa,ope_be,monthly,vw_cap,1,3306,952,2002-09-30,0.038824987778513
usa,ope_be,monthly,vw_cap,1,3292,946,2002-10-31,-0.0506647204631586
usa,ope_be,monthly,vw_cap,1,3260,984,2002-11-30,-0.0886313025128187
usa,ope_be,monthly,vw_cap,1,3236,1005,2002-12-31,0.0580781458577171
usa,ope_be,monthly,vw_cap,1,3244,990,2003-01-31,-0.017042084294618
usa,ope_be,monthly,vw_cap,1,3207,985,2003-02-28,-0.00226473574291714
usa,ope_be,monthly,vw_cap,1,3171,983,2003-03-31,0.0160533212806369
usa,ope_be,monthly,vw_cap,1,3134,970,2003-04-30,-0.0282483620069702
usa,ope_be,monthly,vw_cap,1,3091,983,2003-05-31,-0.0567277845295363
usa,ope_be,monthly,vw_cap,1,3045,990,2003-06-30,0.014048766871474
usa,ope_be,monthly,vw_cap,1,3021,984,2003-07-31,-0.0192243130608248
usa,ope_be,monthly,vw_cap,1,2999,986,2003-08-31,-0.024317126022377
usa,ope_be,monthly,vw_cap,1,2965,979,2003-09-30,0.00728284226574158
usa,ope_be,monthly,vw_cap,1,2947,982,2003-10-31,-0.0206749698061918
usa,ope_be,monthly,vw_cap,1,2959,979,2003-11-30,-0.00414845913798913
usa,ope_be,monthly,vw_cap,1,2944,980,2003-12-31,-0.00107712538325905
usa,ope_be,monthly,vw_cap,1,2953,956,2004-01-31,-0.0323072356935727
usa,ope_be,monthly,vw_cap,1,2903,940,2004-02-29,0.0198473351950365
usa,ope_be,monthly,vw_cap,1,2935,939,2004-03-31,0.0132082617839505
usa,ope_be,monthly,vw_cap,1,2934,946,2004-04-30,0.0314555556558495
usa,ope_be,monthly,vw_cap,1,3024,933,2004-05-31,-0.0087804072544046
usa,ope_be,monthly,vw_cap,1,3030,937,2004-06-30,0.00187303285637338
usa,ope_be,monthly,vw_cap,1,3039,940,2004-07-31,0.0318805957081925
usa,ope_be,monthly,vw_cap,1,3066,935,2004-08-31,0.01110732215981
usa,ope_be,monthly,vw_cap,1,3058,934,2004-09-30,-0.00486085604289747
usa,ope_be,monthly,vw_cap,1,3063,933,2004-10-31,-0.0108712603072383
usa,ope_be,monthly,vw_cap,1,3074,909,2004-11-30,-0.00977682913402302
usa,ope_be,monthly,vw_cap,1,3071,907,2004-12-31,-0.00170542864416743
usa,ope_be,monthly,vw_cap,1,3065,902,2005-01-31,0.0230086001780105
usa,ope_be,monthly,vw_cap,1,3071,893,2005-02-28,0.0177123755380025
usa,ope_be,monthly,vw_cap,1,3073,892,2005-03-31,0.00362026025614031
usa,ope_be,monthly,vw_cap,1,3059,885,2005-04-30,0.00359445066286381
usa,ope_be,monthly,vw_cap,1,3086,894,2005-05-31,-0.00406340862104985
usa,ope_be,monthly,vw_cap,1,3069,896,2005-06-30,-0.00246916244206224
usa,ope_be,monthly,vw_cap,1,3071,891,2005-07-31,0.000127629254316371
usa,ope_be,monthly,vw_cap,1,3074,891,2005-08-31,-0.00385149470259128
usa,ope_be,monthly,vw_cap,1,3044,902,2005-09-30,-0.00377141253813174
usa,ope_be,monthly,vw_cap,1,3042,911,2005-10-31,0.00455130790562177
usa,ope_be,monthly,vw_cap,1,3041,889,2005-11-30,0.00364795252897331
usa,ope_be,monthly,vw_cap,1,3036,877,2005-12-31,-0.00255082408906673
usa,ope_be,monthly,vw_cap,1,3025,888,2006-01-31,0.000629587671922088
usa,ope_be,monthly,vw_cap,1,2991,866,2006-02-28,-0.0101537969673822
usa,ope_be,monthly,vw_cap,1,2967,862,2006-03-31,0.00184168334039697
usa,ope_be,monthly,vw_cap,1,2948,846,2006-04-30,0.0051966128196887
usa,ope_be,monthly,vw_cap,1,2963,842,2006-05-31,0.000221768704682705
usa,ope_be,monthly,vw_cap,1,2953,832,2006-06-30,0.0122140550552696
usa,ope_be,monthly,vw_cap,1,2948,834,2006-07-31,0.00161553293869739
usa,ope_be,monthly,vw_cap,1,2961,850,2006-08-31,-0.0191283321710871
usa,ope_be,monthly,vw_cap,1,2956,861,2006-09-30,0.013248883026791
usa,ope_be,monthly,vw_cap,1,2957,851,2006-10-31,0.0018463334928397
usa,ope_be,monthly,vw_cap,1,3001,864,2006-11-30,-0.00644034436295578
usa,ope_be,monthly,vw_cap,1,2996,866,2006-12-31,-0.00815906977410959
usa,ope_be,monthly,vw_cap,1,2998,871,2007-01-31,0.0118823774812616
usa,ope_be,monthly,vw_cap,1,2995,858,2007-02-28,-0.0053303437240054
usa,ope_be,monthly,vw_cap,1,2983,865,2007-03-31,0.0078969127376304
usa,ope_be,monthly,vw_cap,1,2983,860,2007-04-30,0.012338348375839
usa,ope_be,monthly,vw_cap,1,3014,839,2007-05-31,0.0200111169578101
usa,ope_be,monthly,vw_cap,1,3004,846,2007-06-30,0.00265190825888873
usa,ope_be,monthly,vw_cap,1,3004,854,2007-07-31,0.00910959674077749
usa,ope_be,monthly,vw_cap,1,3025,858,2007-08-31,0.0034882366539906
usa,ope_be,monthly,vw_cap,1,3004,853,2007-09-30,-0.00371576331236806
usa,ope_be,monthly,vw_cap,1,2983,852,2007-10-31,-0.011538672691015
usa,ope_be,monthly,vw_cap,1,3007,850,2007-11-30,0.0285250294262066
usa,ope_be,monthly,vw_cap,1,2981,842,2007-12-31,0.0121540325534419
usa,ope_be,monthly,vw_cap,1,2954,853,2008-01-31,0.00469138885103167
usa,ope_be,monthly,vw_cap,1,2940,834,2008-02-29,0.0235869981470293
usa,ope_be,monthly,vw_cap,1,2955,835,2008-03-31,0.00915229881646045
usa,ope_be,monthly,vw_cap,1,2950,835,2008-04-30,0.0134038329550497
usa,ope_be,monthly,vw_cap,1,3045,854,2008-05-31,0.0116433194219567
usa,ope_be,monthly,vw_cap,1,3030,862,2008-06-30,0.0286610792983793
usa,ope_be,monthly,vw_cap,1,3003,858,2008-07-31,-0.0130895250628184
usa,ope_be,monthly,vw_cap,1,2974,855,2008-08-31,0.000363098004577764
usa,ope_be,monthly,vw_cap,1,2947,843,2008-09-30,-0.00351147660140917
usa,ope_be,monthly,vw_cap,1,2938,840,2008-10-31,0.0352726279008531
usa,ope_be,monthly,vw_cap,1,2931,861,2008-11-30,0.023932249201018
usa,ope_be,monthly,vw_cap,1,2907,857,2008-12-31,-0.0157248704651912
usa,ope_be,monthly,vw_cap,1,2869,848,2009-01-31,0.00800228801148635
usa,ope_be,monthly,vw_cap,1,2851,859,2009-02-28,0.0382823365071439
usa,ope_be,monthly,vw_cap,1,2818,863,2009-03-31,-0.0191640805059582
usa,ope_be,monthly,vw_cap,1,2794,864,2009-04-30,-0.0119980367288797
usa,ope_be,monthly,vw_cap,1,2762,866,2009-05-31,-0.0196415741967364
usa,ope_be,monthly,vw_cap,1,2752,856,2009-06-30,-0.0125629921973993
usa,ope_be,monthly,vw_cap,1,2730,864,2009-07-31,-0.0134430695471019
usa,ope_be,monthly,vw_cap,1,2713,848,2009-08-31,-0.0223717270458946
usa,ope_be,monthly,vw_cap,1,2714,855,2009-09-30,-0.0065558740969417
usa,ope_be,monthly,vw_cap,1,2706,863,2009-10-31,0.0428900747495718
usa,ope_be,monthly,vw_cap,1,2709,865,2009-11-30,0.000573890433137096
usa,ope_be,monthly,vw_cap,1,2693,871,2009-12-31,-0.0252099275252664
usa,ope_be,monthly,vw_cap,1,2669,868,2010-01-31,0.0154715698032763
usa,ope_be,monthly,vw_cap,1,2673,889,2010-02-28,-0.0124921287613728
usa,ope_be,monthly,vw_cap,1,2649,889,2010-03-31,-0.0102184280135874
usa,ope_be,monthly,vw_cap,1,2628,892,2010-04-30,-0.0142589395625188
usa,ope_be,monthly,vw_cap,1,2622,894,2010-05-31,0.0205735663288069
usa,ope_be,monthly,vw_cap,1,2633,896,2010-06-30,0.0170365722475826
usa,ope_be,monthly,vw_cap,1,2618,897,2010-07-31,-0.00922683364582738
usa,ope_be,monthly,vw_cap,1,2629,876,2010-08-31,0.00145143150553508
usa,ope_be,monthly,vw_cap,1,2633,882,2010-09-30,-0.00323187895111149
usa,ope_be,monthly,vw_cap,1,2606,883,2010-10-31,-0.000494496505887218
usa,ope_be,monthly,vw_cap,1,2596,861,2010-11-30,-0.00280708475732437
usa,ope_be,monthly,vw_cap,1,2573,858,2010-12-31,-0.0294375913849658
usa,ope_be,monthly,vw_cap,1,2560,859,2011-01-31,-0.00306134631926183
usa,ope_be,monthly,vw_cap,1,2579,859,2011-02-28,-0.00941473682070479
usa,ope_be,monthly,vw_cap,1,2577,871,2011-03-31,0.0135921196089105
usa,ope_be,monthly,vw_cap,1,2569,867,2011-04-30,0.0137428452792344
usa,ope_be,monthly,vw_cap,1,2578,880,2011-05-31,0.0141651812548659
usa,ope_be,monthly,vw_cap,1,2565,868,2011-06-30,0.0220328409856721
usa,ope_be,monthly,vw_cap,1,2555,862,2011-07-31,0.000558989902822882
usa,ope_be,monthly,vw_cap,1,2569,865,2011-08-31,0.0150517102991993
usa,ope_be,monthly,vw_cap,1,2557,863,2011-09-30,0.0209797967088864
usa,ope_be,monthly,vw_cap,1,2563,862,2011-10-31,-0.00938518439428257
usa,ope_be,monthly,vw_cap,1,2593,871,2011-11-30,0.00900780175167319
usa,ope_be,monthly,vw_cap,1,2575,863,2011-12-31,0.00521911516387594
usa,ope_be,monthly,vw_cap,1,2563,859,2012-01-31,0.00835967412295458
usa,ope_be,monthly,vw_cap,1,2551,832,2012-02-29,-0.000155962563707659
usa,ope_be,monthly,vw_cap,1,2541,832,2012-03-31,0.0102915187804923
usa,ope_be,monthly,vw_cap,1,2540,831,2012-04-30,0.00820223628688529
usa,ope_be,monthly,vw_cap,1,2556,822,2012-05-31,-0.00126195440495752
usa,ope_be,monthly,vw_cap,1,2543,824,2012-06-30,-0.0171255335468561
usa,ope_be,monthly,vw_cap,1,2526,823,2012-07-31,0.00749623555376472
usa,ope_be,monthly,vw_cap,1,2497,813,2012-08-31,-0.00838087747446276
usa,ope_be,monthly,vw_cap,1,2502,821,2012-09-30,-0.0101418729373351
usa,ope_be,monthly,vw_cap,1,2479,813,2012-10-31,-0.00731481641336778
usa,ope_be,monthly,vw_cap,1,2501,817,2012-11-30,0.0182539713719892
usa,ope_be,monthly,vw_cap,1,2495,818,2012-12-31,-0.00544916341104711
usa,ope_be,monthly,vw_cap,1,2477,813,2013-01-31,0.00325921911334394
usa,ope_be,monthly,vw_cap,1,2484,814,2013-02-28,0.00782322399930204
usa,ope_be,monthly,vw_cap,1,2470,809,2013-03-31,0.000931954491334111
usa,ope_be,monthly,vw_cap,1,2469,808,2013-04-30,0.00566236098873559
usa,ope_be,monthly,vw_cap,1,2430,789,2013-05-31,0.0116753869808518
usa,ope_be,monthly,vw_cap,1,2409,781,2013-06-30,0.0016790983411198
usa,ope_be,monthly,vw_cap,1,2418,785,2013-07-31,-0.00153768143808578
usa,ope_be,monthly,vw_cap,1,2415,781,2013-08-31,-0.00109911133973901
usa,ope_be,monthly,vw_cap,1,2412,787,2013-09-30,0.00382819383499951
usa,ope_be,monthly,vw_cap,1,2405,785,2013-10-31,0.0188720044982606
usa,ope_be,monthly,vw_cap,1,2437,803,2013-11-30,0.01020946149296
usa,ope_be,monthly,vw_cap,1,2440,803,2013-12-31,-0.00392124564120445
usa,ope_be,monthly,vw_cap,1,2434,802,2014-01-31,-0.035415947582457
usa,ope_be,monthly,vw_cap,1,2451,791,2014-02-28,0.00518443804211148
usa,ope_be,monthly,vw_cap,1,2440,798,2014-03-31,0.0162993685793474
usa,ope_be,monthly,vw_cap,1,2440,793,2014-04-30,0.0254933450901409
usa,ope_be,monthly,vw_cap,1,2493,791,2014-05-31,0.013308499134491
usa,ope_be,monthly,vw_cap,1,2505,796,2014-06-30,-0.0381257673796876
usa,ope_be,monthly,vw_cap,1,2499,806,2014-07-31,0.0188898104234041
usa,ope_be,monthly,vw_cap,1,2545,817,2014-08-31,-0.00731765332470516
usa,ope_be,monthly,vw_cap,1,2547,816,2014-09-30,0.018686516605901
usa,ope_be,monthly,vw_cap,1,2537,820,2014-10-31,0.00769216245525461
usa,ope_be,monthly,vw_cap,1,2558,819,2014-11-30,0.0255832624774584
usa,ope_be,monthly,vw_cap,1,2552,822,2014-12-31,-0.0108000988933196
usa,ope_be,monthly,vw_cap,1,2541,824,2015-01-31,-0.00670565454042784
usa,ope_be,monthly,vw_cap,1,2546,810,2015-02-28,0.00765472550341893
usa,ope_be,monthly,vw_cap,1,2545,818,2015-03-31,0.000957443091270087
usa,ope_be,monthly,vw_cap,1,2540,810,2015-04-30,0.00255971937822171
usa,ope_be,monthly,vw_cap,1,2589,822,2015-05-31,-0.012817365307928
usa,ope_be,monthly,vw_cap,1,2574,813,2015-06-30,-0.00403277818709658
usa,ope_be,monthly,vw_cap,1,2584,816,2015-07-31,0.0110149628682936
usa,ope_be,monthly,vw_cap,1,2590,814,2015-08-31,0.00635523727091576
usa,ope_be,monthly,vw_cap,1,2591,810,2015-09-30,0.0259707772892028
usa,ope_be,monthly,vw_cap,1,2594,797,2015-10-31,0.00146391448143182
usa,ope_be,monthly,vw_cap,1,2584,799,2015-11-30,-0.0110837319209012
usa,ope_be,monthly,vw_cap,1,2570,802,2015-12-31,0.0133914129113705
usa,ope_be,monthly,vw_cap,1,2554,801,2016-01-31,0.0252863672194396
usa,ope_be,monthly,vw_cap,1,2550,782,2016-02-29,0.0228059194213077
usa,ope_be,monthly,vw_cap,1,2551,785,2016-03-31,-0.017839218773553
usa,ope_be,monthly,vw_cap,1,2547,776,2016-04-30,-0.0412148776843001
usa,ope_be,monthly,vw_cap,1,2508,758,2016-05-31,-0.0061774155912869
usa,ope_be,monthly,vw_cap,1,2500,757,2016-06-30,-0.0161000066476365
usa,ope_be,monthly,vw_cap,1,2492,757,2016-07-31,0.00676827318407205
usa,ope_be,monthly,vw_cap,1,2503,754,2016-08-31,-0.000973432276303243
usa,ope_be,monthly,vw_cap,1,2484,748,2016-09-30,-0.0269885057200761
usa,ope_be,monthly,vw_cap,1,2462,746,2016-10-31,0.0131552723930464
usa,ope_be,monthly,vw_cap,1,2465,750,2016-11-30,-0.00947461453854343
usa,ope_be,monthly,vw_cap,1,2454,749,2016-12-31,0.00757763190200019
usa,ope_be,monthly,vw_cap,1,2463,742,2017-01-31,-0.00492781620557889
usa,ope_be,monthly,vw_cap,1,2468,748,2017-02-28,0.0186955850611071
usa,ope_be,monthly,vw_cap,1,2442,746,2017-03-31,0.00862637596613877
usa,ope_be,monthly,vw_cap,1,2437,752,2017-04-30,0.0132126993287998
usa,ope_be,monthly,vw_cap,1,2426,744,2017-05-31,0.0186336324005767
usa,ope_be,monthly,vw_cap,1,2422,737,2017-06-30,-0.00539339175399586
usa,ope_be,monthly,vw_cap,1,2420,741,2017-07-31,-0.0117943645541719
usa,ope_be,monthly,vw_cap,1,2423,744,2017-08-31,0.00720130393213841
usa,ope_be,monthly,vw_cap,1,2413,751,2017-09-30,-0.00358257095791917
usa,ope_be,monthly,vw_cap,1,2390,744,2017-10-31,0.00687670589076013
usa,ope_be,monthly,vw_cap,1,2427,757,2017-11-30,0.0200506295885323
usa,ope_be,monthly,vw_cap,1,2420,758,2017-12-31,0.0111347875329741
usa,ope_be,monthly,vw_cap,1,2408,750,2018-01-31,0.0224991358051622
usa,ope_be,monthly,vw_cap,1,2413,751,2018-02-28,0.00153901008696188
usa,ope_be,monthly,vw_cap,1,2406,756,2018-03-31,-0.0140616363351787
usa,ope_be,monthly,vw_cap,1,2399,747,2018-04-30,-0.0166306806306573
usa,ope_be,monthly,vw_cap,1,2438,751,2018-05-31,-0.0100055586491539
usa,ope_be,monthly,vw_cap,1,2434,753,2018-06-30,-0.00101728164697351
usa,ope_be,monthly,vw_cap,1,2422,746,2018-07-31,0.0201440737086028
usa,ope_be,monthly,vw_cap,1,2419,750,2018-08-31,-0.0113266749891428
usa,ope_be,monthly,vw_cap,1,2418,756,2018-09-30,0.00629226838277453
usa,ope_be,monthly,vw_cap,1,2416,749,2018-10-31,0.0152732465677896
usa,ope_be,monthly,vw_cap,1,2448,760,2018-11-30,0.0202900118322743
usa,ope_be,monthly,vw_cap,1,2428,752,2018-12-31,0.000558277395881546
usa,ope_be,monthly,vw_cap,1,2425,749,2019-01-31,-0.0235408653261982
usa,ope_be,monthly,vw_cap,1,2449,764,2019-02-28,0.00496464599503883
usa,ope_be,monthly,vw_cap,1,2434,759,2019-03-31,0.00128373715917552
usa,ope_be,monthly,vw_cap,1,2426,757,2019-04-30,0.0155221724714378
usa,ope_be,monthly,vw_cap,1,2442,754,2019-05-31,-0.0334925821665722
usa,ope_be,monthly,vw_cap,1,2432,763,2019-06-30,0.0222344710303878
usa,ope_be,monthly,vw_cap,1,2432,759,2019-07-31,0.00387846778811424
usa,ope_be,monthly,vw_cap,1,2465,770,2019-08-31,0.0100279918836981
usa,ope_be,monthly,vw_cap,1,2466,775,2019-09-30,0.0238618261666873
usa,ope_be,monthly,vw_cap,1,2454,770,2019-10-31,0.0136015278219988
usa,ope_be,monthly,vw_cap,1,2473,773,2019-11-30,-0.0131946812861961
usa,ope_be,monthly,vw_cap,1,2458,772,2019-12-31,-0.00381597256437385
usa,ope_be,monthly,vw_cap,1,2441,768,2020-01-31,-0.0234963484170969
usa,ope_be,monthly,vw_cap,1,2463,784,2020-02-29,-0.0188304359728785
usa,ope_be,monthly,vw_cap,1,2445,775,2020-03-31,0.0054944673071885
usa,ope_be,monthly,vw_cap,1,2421,813,2020-04-30,-0.0188972978942968
usa,ope_be,monthly,vw_cap,1,2425,788,2020-05-31,-0.04247661435216
usa,ope_be,monthly,vw_cap,1,2397,791,2020-06-30,-0.0234871852695018
usa,ope_be,monthly,vw_cap,1,2384,787,2020-07-31,-0.0125211505008239
usa,ope_be,monthly,vw_cap,1,2352,793,2020-08-31,0.0158490908088205
usa,ope_be,monthly,vw_cap,1,2361,782,2020-09-30,-0.0034127487056135
usa,ope_be,monthly,vw_cap,1,2362,792,2020-10-31,-0.00432007091194484
usa,ope_be,monthly,vw_cap,1,2408,799,2020-11-30,-0.0605959362097509
usa,ope_be,monthly,vw_cap,1,2389,804,2020-12-31,-0.0323769220654807
usa,ope_be,monthly,vw_cap,1,2375,813,2021-01-31,-0.0434371895334235
usa,ope_be,monthly,vw_cap,1,2404,834,2021-02-28,-0.0175602261478101
usa,ope_be,monthly,vw_cap,1,2415,843,2021-03-31,0.0949411878328361
usa,ope_be,monthly,vw_cap,1,2416,842,2021-04-30,0.0101770457841331
usa,ope_be,monthly,vw_cap,1,2535,868,2021-05-31,0.0364878089598967
usa,ope_be,monthly,vw_cap,1,2547,866,2021-06-30,-0.049073601867609
usa,ope_be,monthly,vw_cap,1,2536,878,2021-07-31,0.0710394006197623
usa,ope_be,monthly,vw_cap,1,2563,871,2021-08-31,-0.00893001538581048
usa,ope_be,monthly,vw_cap,1,2574,874,2021-09-30,-0.0170827146567116
usa,ope_be,monthly,vw_cap,1,2576,880,2021-10-31,0.0147496493201998
usa,ope_be,monthly,vw_cap,1,2639,893,2021-11-30,0.0756111355312779
usa,ope_be,monthly,vw_cap,1,2645,889,2021-12-31,0.0740272458766446
usa,ope_be,monthly,vw_cap,1,2648,887,2022-01-31,0.0484655155710166
usa,ope_be,monthly,vw_cap,1,2731,898,2022-02-28,-0.00435424648337074
usa,ope_be,monthly,vw_cap,1,2726,893,2022-03-31,-0.00141016908645348
usa,ope_be,monthly,vw_cap,1,2710,897,2022-04-30,0.0683976227682695
usa,ope_be,monthly,vw_cap,1,2892,913,2022-05-31,0.0782552116160124
usa,ope_be,monthly,vw_cap,1,2891,905,2022-06-30,-0.0110759689166751
usa,ope_be,monthly,vw_cap,1,2893,901,2022-07-31,0.00773722781696104
usa,ope_be,monthly,vw_cap,1,2922,910,2022-08-31,-0.0400167022698948
usa,ope_be,monthly,vw_cap,1,2924,912,2022-09-30,0.000168536444644055
usa,ope_be,monthly,vw_cap,1,2924,914,2022-10-31,0.056121957873788
usa,ope_be,monthly,vw_cap,1,2919,884,2022-11-30,0.0655349581488265
usa,ope_be,monthly,vw_cap,1,2913,870,2022-12-31,0.00973160490090715
usa,ope_be,monthly,vw_cap,1,2906,864,2023-01-31,-0.0464880548837485
usa,ope_be,monthly,vw_cap,1,2932,864,2023-02-28,0.00662067410168308
usa,ope_be,monthly,vw_cap,1,2938,848,2023-03-31,0.00117325830746254
usa,ope_be,monthly,vw_cap,1,2931,843,2023-04-30,0.0181372137248468
usa,ope_be,monthly,vw_cap,1,2862,817,2023-05-31,-0.0615187756221963
usa,ope_be,monthly,vw_cap,1,2853,819,2023-06-30,0.0376535420000211
usa,ope_be,monthly,vw_cap,1,2854,805,2023-07-31,-0.0141609970818402
usa,ope_be,monthly,vw_cap,1,2843,793,2023-08-31,0.0461782578658
usa,ope_be,monthly,vw_cap,1,2845,791,2023-09-30,0.015638235279019
usa,ope_be,monthly,vw_cap,1,2846,786,2023-10-31,0.0240672124755416
usa,ope_be,monthly,vw_cap,1,2858,772,2023-11-30,-0.0378803533964671
usa,ope_be,monthly,vw_cap,1,2851,778,2023-12-31,-0.0384447629997128
usa,ope_be,monthly,vw_cap,1,2829,786,2024-01-31,0.0255688773727872
usa,ope_be,monthly,vw_cap,1,2823,784,2024-02-29,0.00950893634543502
usa,ope_be,monthly,vw_cap,1,2811,786,2024-03-31,0.0198226511696244
usa,ope_be,monthly,vw_cap,1,2811,784,2024-04-30,0.0133542865510401
usa,ope_be,monthly,vw_cap,1,2747,766,2024-05-31,0.00247014031307277
usa,ope_be,monthly,vw_cap,1,2736,767,2024-06-30,-0.00322615974369854
usa,ope_be,monthly,vw_cap,1,2733,764,2024-07-31,-0.00887366217712644
usa,ope_be,monthly,vw_cap,1,2754,768,2024-08-31,0.012546708693071
usa,ope_be,monthly,vw_cap,1,2742,771,2024-09-30,-0.00624187864451854
usa,ope_be,monthly,vw_cap,1,2729,764,2024-10-31,-0.0164604818164847
usa,ope_be,monthly,vw_cap,1,2736,773,2024-11-30,-0.0332236291784934
usa,ope_be,monthly,vw_cap,1,2730,769,2024-12-31,-0.00648538911159312
